Customer_ID,Product_Category,Coupon_Type,Year,Month,Sales_Amount,Usage_Count,Customer_Engagement
3469,Fashion,Loyalty Points,2023,6,68.0,4.0,42.0
1699,Home Decor,Cashback,2024,1,244.0,9.0,57.0
3054,Grocery,BOGO,2021,9,379.0,1.0,66.0
3180,Fashion,Free Shipping,2023,1,473.0,5.0,9.0
4818,Grocery,BOGO,2023,5,224.0,6.0,52.0
1556,Beauty,Loyalty Points,2024,4,498.0,8.0,64.0
1825,Electronics,Discount,2021,12,462.0,5.0,86.0
3808,Home Decor,BOGO,2021,3,483.0,1.0,22.0
2054,Grocery,Free Shipping,2023,6,403.0,1.0,34.0
3582,Fashion,Cashback,2022,2,190.0,9.0,55.0
1425,Grocery,Discount,2023,3,295.0,6.0,29.0
4465,Fashion,Cashback,2023,5,434.0,5.0,38.0
3719,Grocery,BOGO,2023,9,467.0,5.0,97.0
3410,Fashion,Loyalty Points,2023,2,142.0,6.0,18.0
4508,Beauty,Loyalty Points,2024,10,285.5,6.0,71.0
4741,Fashion,Free Shipping,2021,8,288.0,3.0,65.0
2574,Fashion,Loyalty Points,2024,2,254.0,8.0,97.0
4998,Electronics,Discount,2024,11,97.0,1.0,52.0
3129,Fashion,Loyalty Points,2024,5,482.0,1.0,88.0
3403,Electronics,Free Shipping,2023,7,294.0,6.0,4.0
4329,Home Decor,BOGO,2022,8,369.0,1.0,4.0
4789,Electronics,BOGO,2021,1,366.0,6.0,82.0
1588,Beauty,Loyalty Points,2022,6,462.0,1.0,27.0
3012,Electronics,Cashback,2024,1,344.0,6.0,43.0
2547,Home Decor,BOGO,2024,2,177.0,3.0,59.0
1294,Beauty,Loyalty Points,2022,1,393.0,8.0,32.0
2985,Grocery,Free Shipping,2022,11,331.0,5.0,33.0
2247,Grocery,Loyalty Points,2022,5,66.0,1.0,28.0
2548,Electronics,BOGO,2024,10,120.0,5.0,52.0
4117,Electronics,Free Shipping,2024,9,318.0,8.0,60.0
2690,Home Decor,Loyalty Points,2021,6,374.0,3.0,70.0
2136,Home Decor,Discount,2021,11,331.0,6.0,62.0
2256,Fashion,Free Shipping,2024,11,354.0,5.0,80.0
3064,Home Decor,Discount,2022,1,56.0,6.0,52.0
1359,Fashion,Cashback,2022,1,363.0,1.0,87.0
4294,Beauty,Free Shipping,2021,2,354.0,7.0,88.0
3913,Electronics,Discount,2024,9,152.0,9.0,56.0
1699,Beauty,BOGO,2021,3,358.0,2.0,13.0
1447,Home Decor,BOGO,2021,1,242.0,5.0,52.0
3903,Beauty,Cashback,2023,5,290.0,4.0,18.0
3412,Beauty,Free Shipping,2023,7,111.0,6.0,54.0
1674,Beauty,Free Shipping,2023,6,66.0,6.0,77.0
2007,Home Decor,Free Shipping,2022,12,220.0,2.0,43.0
2349,Beauty,Cashback,2024,1,74.0,2.0,39.0
3514,Fashion,Free Shipping,2024,5,300.0,4.0,61.0
3461,Home Decor,BOGO,2024,5,302.0,1.0,42.0
4526,Beauty,Discount,2024,6,436.0,9.0,81.0
1585,Home Decor,BOGO,2023,3,256.0,7.0,79.0
2256,Grocery,BOGO,2022,5,78.0,7.0,18.0
2247,Fashion,Discount,2022,7,166.0,3.0,23.0
1993,Beauty,BOGO,2023,5,465.0,3.0,54.0
4902,Grocery,Cashback,2022,5,331.0,1.0,30.0
2435,Grocery,Discount,2023,5,429.0,3.0,98.0
1571,Home Decor,BOGO,2024,10,285.5,3.0,58.0
3382,Grocery,Loyalty Points,2023,10,74.0,4.0,68.0
2245,Fashion,BOGO,2024,3,359.0,4.0,67.0
3084,Fashion,Cashback,2024,1,205.0,3.0,71.0
1988,Electronics,Free Shipping,2021,5,122.0,8.0,18.0
1277,Fashion,BOGO,2023,9,169.0,8.0,7.0
2219,Grocery,Free Shipping,2021,1,361.0,1.0,40.0
3963,Fashion,Loyalty Points,2023,3,370.0,7.0,70.0
2887,Home Decor,BOGO,2023,4,142.0,2.0,86.0
1483,Electronics,Discount,2021,1,135.0,1.0,65.0
2265,Grocery,Free Shipping,2021,1,385.0,3.0,68.0
4395,Electronics,Loyalty Points,2023,8,474.0,4.0,49.0
1730,Grocery,Discount,2022,2,413.0,6.0,52.0
3239,Home Decor,Discount,2024,12,484.0,5.0,29.0
2040,Electronics,Discount,2021,8,167.0,4.0,21.0
3571,Beauty,Discount,2024,7,282.0,8.0,90.0
1917,Grocery,BOGO,2022,10,248.0,4.0,78.0
3448,Beauty,BOGO,2022,10,255.0,2.0,9.0
4977,Electronics,BOGO,2022,2,462.0,5.0,47.0
1885,Beauty,Loyalty Points,2021,6,388.0,6.0,76.0
3752,Beauty,Loyalty Points,2022,6,196.0,8.0,42.0
1021,Electronics,Loyalty Points,2021,3,499.0,8.0,51.0
1473,Home Decor,Cashback,2022,11,474.0,5.0,56.0
4191,Beauty,Loyalty Points,2024,2,478.0,7.0,51.0
3257,Beauty,BOGO,2024,12,320.0,2.0,70.0
3353,Home Decor,BOGO,2023,1,436.0,8.0,20.0
4341,Beauty,Cashback,2024,6,188.0,7.0,88.0
1703,Beauty,Cashback,2023,12,230.0,8.0,27.0
1686,Beauty,Loyalty Points,2024,5,479.0,3.0,38.0
1284,Fashion,Free Shipping,2021,11,79.0,7.0,72.0
1715,Home Decor,Cashback,2024,9,106.0,9.0,65.0
4747,Beauty,Discount,2023,1,281.0,3.0,54.0
1762,Home Decor,BOGO,2023,7,195.0,6.0,24.0
2250,Grocery,Discount,2022,5,484.0,2.0,47.0
1947,Grocery,BOGO,2021,5,433.0,2.0,71.0
3428,Beauty,BOGO,2024,2,97.0,5.0,83.0
3507,Home Decor,Cashback,2022,11,243.0,5.0,86.0
2030,Home Decor,Cashback,2024,3,273.0,7.0,63.0
1028,Home Decor,Discount,2024,7,185.0,2.0,57.0
1906,Fashion,BOGO,2022,6,71.0,7.0,55.0
4104,Grocery,Discount,2022,12,55.0,5.0,60.0
4717,Home Decor,Free Shipping,2022,2,253.0,6.0,52.0
3926,Home Decor,Discount,2022,6,288.0,8.0,62.0
3126,Fashion,Loyalty Points,2022,2,234.0,4.0,52.0
4999,Fashion,Discount,2024,2,409.0,7.0,52.0
3994,Home Decor,Loyalty Points,2022,2,341.0,6.0,22.0
3506,Electronics,Loyalty Points,2021,11,384.0,2.0,75.0
1569,Home Decor,Loyalty Points,2023,3,269.0,8.0,84.0
3006,Home Decor,Free Shipping,2022,2,165.0,9.0,29.0
4609,Fashion,Discount,2022,4,362.0,5.0,41.0
4553,Fashion,Discount,2024,9,98.0,4.0,42.0
2453,Home Decor,Free Shipping,2022,6,222.0,6.0,98.0
1737,Home Decor,BOGO,2022,1,131.0,8.0,65.0
4356,Home Decor,Cashback,2022,8,371.0,3.0,31.0
1515,Fashion,Discount,2024,12,382.0,1.0,52.0
3000,Home Decor,Cashback,2022,7,94.0,4.0,18.0
4170,Home Decor,Free Shipping,2023,10,384.0,5.0,17.0
3444,Beauty,BOGO,2024,3,69.0,5.0,38.0
4560,Electronics,BOGO,2023,1,497.0,9.0,14.0
1038,Grocery,BOGO,2024,5,270.0,3.0,87.0
4342,Electronics,Free Shipping,2022,4,172.0,5.0,89.0
1886,Beauty,Loyalty Points,2023,10,283.0,6.0,79.0
3844,Grocery,Loyalty Points,2024,8,270.0,8.0,52.0
3204,Home Decor,Cashback,2021,1,372.0,5.0,22.0
2098,Beauty,Loyalty Points,2022,10,285.5,3.0,67.0
3931,Home Decor,Loyalty Points,2024,1,52.0,6.0,56.0
2823,Fashion,BOGO,2021,12,231.0,1.0,19.0
4201,Beauty,BOGO,2024,4,255.0,4.0,57.0
2710,Fashion,Cashback,2021,8,369.0,6.0,44.0
1973,Beauty,Discount,2022,5,89.0,7.0,98.0
4155,Beauty,Cashback,2023,2,108.0,3.0,35.0
4093,Fashion,Cashback,2021,6,488.0,9.0,1.0
4530,Grocery,Free Shipping,2024,5,111.0,7.0,52.0
2562,Electronics,Free Shipping,2022,2,181.0,1.0,85.0
4778,Home Decor,Cashback,2021,11,109.0,2.0,93.0
3896,Beauty,Cashback,2024,11,421.0,1.0,70.0
4453,Home Decor,Cashback,2024,11,380.0,9.0,37.0
3795,Fashion,Loyalty Points,2024,3,171.0,9.0,65.0
4511,Home Decor,Free Shipping,2021,9,156.0,5.0,51.0
4675,Fashion,Cashback,2021,7,145.0,3.0,1.0
1988,Home Decor,BOGO,2021,7,396.0,5.0,91.0
1020,Electronics,BOGO,2023,11,463.0,4.0,21.0
3350,Electronics,Loyalty Points,2021,6,285.5,7.0,53.0
1868,Electronics,Loyalty Points,2021,8,435.0,9.0,52.0
1083,Electronics,Discount,2021,4,111.0,2.0,61.0
4845,Electronics,Discount,2023,8,305.0,8.0,54.0
2682,Electronics,Discount,2021,4,98.0,9.0,40.0
2976,Fashion,Loyalty Points,2024,8,442.0,9.0,26.0
4524,Beauty,Loyalty Points,2021,9,397.0,7.0,80.0
2410,Home Decor,Loyalty Points,2024,3,208.0,9.0,92.0
2530,Electronics,BOGO,2024,3,173.0,9.0,65.0
4328,Fashion,Loyalty Points,2024,11,285.5,3.0,74.0
1569,Fashion,BOGO,2023,2,256.0,4.0,64.0
4963,Fashion,Discount,2023,10,97.0,2.0,43.0
1933,Beauty,Discount,2023,3,458.0,3.0,17.0
4598,Home Decor,Discount,2021,3,469.0,5.0,59.0
4233,Beauty,Cashback,2024,5,185.0,5.0,52.0
2980,Grocery,Cashback,2023,5,250.0,6.0,7.0
4234,Fashion,Free Shipping,2023,2,299.0,7.0,44.0
2855,Grocery,Free Shipping,2021,12,363.0,7.0,53.0
4056,Electronics,Free Shipping,2023,10,406.0,1.0,71.0
1792,Electronics,Cashback,2021,6,417.0,2.0,79.0
1791,Beauty,Cashback,2022,5,478.0,9.0,34.0
4595,Home Decor,Free Shipping,2023,6,367.0,2.0,46.0
2809,Grocery,Free Shipping,2022,1,344.0,6.0,68.0
2294,Home Decor,Loyalty Points,2021,5,363.0,1.0,78.0
3539,Beauty,Free Shipping,2024,9,258.0,3.0,78.0
3255,Electronics,Loyalty Points,2023,12,404.0,2.0,16.0
4610,Home Decor,BOGO,2021,10,260.0,3.0,71.0
2607,Home Decor,Cashback,2024,2,241.0,5.0,96.0
2083,Electronics,Free Shipping,2024,1,93.0,6.0,19.0
3477,Grocery,Cashback,2022,10,78.0,9.0,2.0
1984,Electronics,Cashback,2021,11,108.0,4.0,10.0
2680,Home Decor,Cashback,2024,9,120.0,7.0,50.0
4676,Grocery,BOGO,2023,10,141.0,6.0,81.0
4380,Grocery,Discount,2023,9,314.0,2.0,12.0
1519,Electronics,Free Shipping,2022,9,432.0,5.0,70.0
1590,Home Decor,Discount,2024,6,269.0,7.0,52.0
2050,Beauty,Discount,2021,8,439.0,7.0,32.0
2709,Home Decor,Discount,2023,11,462.0,8.0,84.0
4633,Fashion,Cashback,2024,1,491.0,1.0,52.0
3035,Beauty,Loyalty Points,2024,10,450.0,1.0,54.0
3246,Grocery,Cashback,2022,4,449.0,8.0,58.0
3434,Beauty,Cashback,2023,1,264.0,4.0,70.0
1348,Grocery,Discount,2023,8,436.0,5.0,83.0
1959,Grocery,Cashback,2021,1,326.0,8.0,18.0
2963,Beauty,Discount,2023,3,113.0,5.0,6.0
1692,Grocery,Loyalty Points,2021,4,395.0,4.0,45.0
2559,Grocery,Free Shipping,2023,8,341.0,6.0,97.0
4899,Fashion,Discount,2022,6,294.0,5.0,23.0
1377,Home Decor,Loyalty Points,2023,10,111.0,7.0,23.0
3946,Home Decor,Free Shipping,2021,12,475.0,7.0,26.0
3963,Fashion,BOGO,2021,7,381.0,4.0,77.0
4629,Beauty,Discount,2022,8,219.0,5.0,7.0
1526,Electronics,Discount,2023,2,494.0,3.0,79.0
4224,Electronics,BOGO,2023,10,318.0,4.0,44.0
3781,Electronics,BOGO,2022,11,316.0,4.0,27.0
3253,Fashion,Discount,2023,8,103.0,3.0,26.0
3502,Fashion,BOGO,2023,3,285.5,5.0,97.0
4344,Grocery,Cashback,2021,7,57.0,5.0,79.0
4965,Electronics,Free Shipping,2023,3,153.0,7.0,36.0
2259,Beauty,Free Shipping,2023,7,108.0,4.0,55.0
2875,Beauty,Free Shipping,2022,11,362.0,4.0,64.0
2763,Electronics,Cashback,2022,12,89.0,9.0,52.0
1520,Electronics,BOGO,2024,2,286.0,6.0,57.0
2701,Electronics,Loyalty Points,2021,10,492.0,4.0,69.0
2016,Fashion,BOGO,2023,6,435.0,2.0,61.0
4003,Fashion,Discount,2023,3,143.0,6.0,2.0
4902,Fashion,Free Shipping,2024,3,271.0,2.0,55.0
3773,Home Decor,BOGO,2023,9,253.0,5.0,97.0
2013,Beauty,Loyalty Points,2021,7,187.0,6.0,80.0
3548,Beauty,Discount,2024,5,349.0,4.0,87.0
1116,Grocery,Cashback,2021,12,444.0,3.0,38.0
3433,Fashion,Cashback,2024,10,256.0,5.0,80.0
2367,Home Decor,Loyalty Points,2024,7,385.0,2.0,78.0
1583,Home Decor,Discount,2022,9,130.0,6.0,29.0
1394,Beauty,Free Shipping,2021,1,267.0,4.0,26.0
2087,Fashion,BOGO,2023,7,51.0,6.0,35.0
4788,Grocery,Discount,2023,6,227.0,4.0,79.0
3768,Fashion,Cashback,2021,10,285.5,4.0,67.0
1071,Electronics,Loyalty Points,2023,12,420.0,4.0,87.0
4860,Fashion,Loyalty Points,2023,9,395.0,9.0,29.0
1273,Electronics,BOGO,2021,1,328.0,5.0,34.0
3013,Electronics,Loyalty Points,2024,4,195.0,3.0,97.0
2343,Grocery,Loyalty Points,2021,9,367.0,3.0,41.0
1337,Beauty,Discount,2024,4,285.5,6.0,41.0
2389,Fashion,Free Shipping,2023,10,418.0,6.0,52.0
4566,Electronics,BOGO,2023,3,433.0,4.0,71.0
1606,Fashion,Discount,2023,9,111.0,9.0,3.0
1165,Beauty,Free Shipping,2022,2,285.5,4.0,58.0
2567,Beauty,Discount,2024,4,288.0,9.0,32.0
3058,Home Decor,Discount,2022,6,244.0,4.0,31.0
2324,Beauty,Loyalty Points,2022,2,285.5,2.0,82.0
1728,Grocery,Free Shipping,2021,8,271.0,2.0,43.0
3848,Electronics,BOGO,2022,8,110.0,5.0,7.0
3043,Home Decor,BOGO,2021,1,178.0,4.0,1.0
1101,Grocery,Free Shipping,2021,12,222.0,7.0,61.0
4496,Fashion,Loyalty Points,2022,3,205.0,5.0,14.0
2415,Electronics,Cashback,2024,10,285.5,6.0,52.0
1778,Beauty,Discount,2024,9,427.0,4.0,96.0
1213,Electronics,Loyalty Points,2024,5,159.0,2.0,6.0
4762,Fashion,Free Shipping,2024,6,318.0,9.0,10.0
2111,Home Decor,Discount,2024,4,460.0,7.0,71.0
2576,Home Decor,BOGO,2022,10,405.0,4.0,90.0
3448,Home Decor,Cashback,2022,2,440.0,3.0,98.0
3635,Beauty,BOGO,2023,11,327.0,3.0,30.0
3936,Grocery,Free Shipping,2024,8,123.0,9.0,21.0
4117,Grocery,Discount,2022,11,486.0,5.0,60.0
2695,Electronics,Free Shipping,2023,6,256.0,3.0,81.0
4534,Beauty,Discount,2024,5,437.0,5.0,97.0
1591,Home Decor,Loyalty Points,2021,9,328.0,2.0,74.0
2333,Home Decor,Cashback,2023,1,424.0,5.0,63.0
2109,Fashion,Loyalty Points,2022,5,375.0,2.0,42.0
3139,Fashion,Loyalty Points,2021,6,389.0,2.0,51.0
4731,Home Decor,Free Shipping,2021,5,406.0,8.0,64.0
3720,Home Decor,Cashback,2021,6,389.0,1.0,76.0
1713,Beauty,Discount,2023,6,253.0,7.0,56.0
1935,Grocery,Discount,2022,7,285.5,5.0,80.0
2951,Fashion,BOGO,2021,4,77.0,8.0,41.0
1241,Grocery,Discount,2024,11,441.0,1.0,32.0
3043,Beauty,Free Shipping,2021,8,306.0,7.0,15.0
4936,Home Decor,Loyalty Points,2021,7,214.0,5.0,62.0
1001,Grocery,Loyalty Points,2023,9,112.0,4.0,27.0
3272,Home Decor,Loyalty Points,2023,7,71.0,7.0,28.0
3848,Home Decor,Cashback,2022,3,119.0,2.0,81.0
2768,Electronics,Discount,2024,3,430.0,1.0,64.0
2949,Grocery,Free Shipping,2023,8,454.0,1.0,59.0
3636,Grocery,Cashback,2021,5,145.0,1.0,58.0
3163,Home Decor,BOGO,2022,4,212.0,5.0,2.0
4737,Beauty,Free Shipping,2021,8,128.0,5.0,52.0
1917,Electronics,Free Shipping,2021,6,54.0,2.0,71.0
4174,Home Decor,Free Shipping,2023,2,365.0,5.0,13.0
3241,Fashion,Loyalty Points,2022,4,285.5,5.0,15.0
4237,Fashion,Free Shipping,2024,12,351.0,3.0,89.0
3918,Electronics,Discount,2024,11,227.0,8.0,87.0
1089,Beauty,Free Shipping,2023,4,225.0,2.0,60.0
2709,Home Decor,Loyalty Points,2023,6,439.0,3.0,22.0
3169,Grocery,Free Shipping,2022,6,266.0,3.0,63.0
1142,Electronics,BOGO,2024,1,105.0,1.0,90.0
4041,Beauty,BOGO,2024,8,415.0,6.0,97.0
1105,Grocery,Loyalty Points,2024,6,236.0,2.0,75.0
1886,Fashion,Discount,2021,3,281.0,1.0,74.0
1427,Fashion,Discount,2024,9,304.0,2.0,25.0
2328,Grocery,Cashback,2021,2,462.0,6.0,48.0
2895,Electronics,Loyalty Points,2022,11,153.0,4.0,43.0
2994,Fashion,Free Shipping,2021,8,126.0,6.0,38.0
1316,Home Decor,Loyalty Points,2022,10,279.0,9.0,41.0
2986,Grocery,Cashback,2024,3,451.0,8.0,45.0
1634,Grocery,Loyalty Points,2024,12,285.5,1.0,88.0
2925,Fashion,Loyalty Points,2022,5,313.0,8.0,40.0
3056,Electronics,Cashback,2023,6,380.0,9.0,52.0
3821,Home Decor,Discount,2022,10,231.0,6.0,17.0
4144,Electronics,Free Shipping,2023,6,430.0,5.0,88.0
4430,Beauty,Cashback,2021,4,305.0,6.0,57.0
3270,Beauty,BOGO,2021,3,87.0,6.0,2.0
2439,Fashion,Discount,2021,4,225.0,9.0,96.0
1552,Fashion,BOGO,2024,1,76.0,4.0,62.0
4441,Fashion,Discount,2021,4,325.0,2.0,88.0
1715,Beauty,Free Shipping,2023,1,189.0,9.0,9.0
2287,Electronics,Free Shipping,2021,12,348.0,2.0,68.0
4911,Electronics,Loyalty Points,2022,1,494.0,9.0,81.0
2713,Fashion,BOGO,2022,10,336.0,2.0,17.0
2883,Home Decor,Discount,2024,6,140.0,8.0,50.0
4389,Electronics,Free Shipping,2022,5,110.0,9.0,94.0
2107,Beauty,Cashback,2023,11,414.0,9.0,40.0
2341,Grocery,Free Shipping,2021,4,396.0,9.0,58.0
1110,Grocery,Cashback,2024,11,212.0,2.0,75.0
1250,Grocery,Discount,2021,3,400.0,4.0,85.0
3430,Home Decor,Free Shipping,2021,1,192.0,7.0,21.0
3054,Fashion,Free Shipping,2023,6,285.5,2.0,18.0
1458,Beauty,Discount,2022,2,302.0,1.0,55.0
2107,Home Decor,Free Shipping,2022,8,285.5,3.0,29.0
1207,Beauty,Cashback,2021,10,418.0,4.0,24.0
1899,Beauty,Free Shipping,2024,5,340.0,5.0,74.0
4461,Fashion,BOGO,2022,7,236.0,6.0,17.0
4385,Grocery,Loyalty Points,2024,10,454.0,2.0,18.0
1021,Fashion,Cashback,2022,12,487.0,9.0,42.0
1409,Home Decor,BOGO,2024,2,463.0,2.0,84.0
1894,Home Decor,Discount,2023,8,285.5,5.0,52.0
1514,Home Decor,Cashback,2024,2,340.0,4.0,82.0
4198,Fashion,Loyalty Points,2023,4,135.0,7.0,17.0
1808,Beauty,Loyalty Points,2023,1,215.0,8.0,73.0
4771,Beauty,Discount,2024,5,464.0,5.0,14.0
1873,Electronics,Discount,2023,9,285.5,5.0,49.0
1013,Home Decor,Cashback,2021,1,163.0,2.0,52.0
1970,Beauty,Free Shipping,2023,9,482.0,8.0,95.0
4025,Electronics,Discount,2022,11,405.0,2.0,4.0
4061,Beauty,Free Shipping,2024,8,465.0,6.0,82.0
4083,Home Decor,BOGO,2021,6,285.5,8.0,20.0
3134,Grocery,Loyalty Points,2024,7,256.0,6.0,47.0
4595,Home Decor,Free Shipping,2022,3,305.0,4.0,9.0
3956,Fashion,Loyalty Points,2022,1,284.0,4.0,77.0
2560,Beauty,Free Shipping,2022,5,491.0,6.0,79.0
2324,Beauty,BOGO,2023,12,404.0,4.0,27.0
2266,Fashion,Discount,2023,12,285.5,8.0,15.0
3169,Fashion,BOGO,2024,2,257.0,9.0,92.0
4218,Grocery,Discount,2024,5,246.0,1.0,19.0
4638,Beauty,Discount,2021,8,390.0,4.0,90.0
1749,Beauty,Loyalty Points,2021,11,174.0,4.0,52.0
4427,Grocery,BOGO,2024,9,187.0,2.0,26.0
1684,Electronics,Free Shipping,2023,2,388.0,6.0,89.0
2927,Grocery,BOGO,2022,12,74.0,3.0,26.0
4804,Home Decor,Loyalty Points,2024,3,117.0,7.0,26.0
4702,Beauty,Discount,2021,3,110.0,5.0,46.0
3356,Fashion,Loyalty Points,2023,1,78.0,4.0,92.0
1694,Home Decor,Cashback,2024,8,432.0,5.0,49.0
3335,Beauty,Cashback,2024,6,68.0,8.0,82.0
1306,Grocery,Free Shipping,2023,12,220.0,5.0,96.0
4883,Home Decor,Loyalty Points,2024,8,499.0,7.0,53.0
4665,Beauty,Free Shipping,2023,11,123.0,6.0,3.0
2989,Electronics,Free Shipping,2022,9,110.0,1.0,66.0
3961,Electronics,Cashback,2023,5,476.0,7.0,97.0
4794,Fashion,Free Shipping,2023,12,202.0,7.0,42.0
1661,Beauty,Cashback,2023,3,285.5,1.0,19.0
1548,Electronics,Discount,2024,5,97.0,9.0,52.0
4423,Grocery,Loyalty Points,2024,5,260.0,6.0,33.0
1311,Beauty,Free Shipping,2023,5,392.0,2.0,76.0
3920,Grocery,Cashback,2024,3,457.0,5.0,49.0
2082,Grocery,BOGO,2021,11,188.0,4.0,56.0
4714,Electronics,Free Shipping,2021,10,159.0,7.0,63.0
3971,Beauty,Discount,2024,4,232.0,8.0,3.0
2737,Home Decor,Discount,2024,9,77.0,1.0,49.0
1754,Electronics,BOGO,2023,10,246.0,5.0,55.0
1034,Electronics,Cashback,2022,9,240.0,3.0,26.0
1444,Beauty,Free Shipping,2024,2,364.0,1.0,99.0
3140,Beauty,Cashback,2021,8,438.0,3.0,72.0
2982,Grocery,Discount,2023,8,100.0,6.0,52.0
2230,Beauty,Cashback,2024,7,285.5,7.0,7.0
1352,Grocery,Discount,2021,8,317.0,8.0,46.0
1902,Electronics,Cashback,2021,3,285.5,4.0,46.0
2355,Fashion,BOGO,2022,6,437.0,3.0,16.0
4888,Home Decor,Loyalty Points,2023,1,295.0,5.0,24.0
3909,Electronics,BOGO,2023,7,162.0,9.0,61.0
2748,Beauty,BOGO,2022,1,219.0,6.0,54.0
1158,Home Decor,Loyalty Points,2022,9,215.0,9.0,62.0
2977,Fashion,Loyalty Points,2023,1,458.0,6.0,1.0
1956,Fashion,Free Shipping,2023,1,63.0,5.0,49.0
3071,Grocery,Free Shipping,2024,7,252.0,5.0,25.0
1403,Home Decor,BOGO,2024,2,337.0,9.0,10.0
3852,Grocery,BOGO,2022,5,444.0,8.0,80.0
1515,Electronics,Discount,2024,8,238.0,7.0,16.0
3779,Home Decor,Discount,2021,8,451.0,1.0,58.0
2387,Electronics,Free Shipping,2024,3,204.0,4.0,72.0
4453,Grocery,Free Shipping,2024,7,104.0,7.0,29.0
3579,Home Decor,Discount,2021,3,231.0,7.0,92.0
1955,Grocery,Discount,2022,6,259.0,6.0,6.0
3199,Home Decor,Cashback,2021,6,425.0,8.0,16.0
4633,Grocery,Cashback,2024,3,124.0,6.0,20.0
2712,Fashion,Discount,2022,7,326.0,3.0,80.0
3994,Grocery,Cashback,2024,3,477.0,4.0,71.0
1607,Fashion,Loyalty Points,2021,8,182.0,3.0,78.0
4688,Grocery,Free Shipping,2021,10,392.0,1.0,43.0
3467,Home Decor,Free Shipping,2024,4,474.0,5.0,26.0
2273,Home Decor,Discount,2023,1,108.0,1.0,90.0
4188,Home Decor,BOGO,2023,4,394.0,1.0,78.0
3913,Beauty,Discount,2021,7,231.0,2.0,71.0
2535,Electronics,Cashback,2021,11,455.0,5.0,33.0
4811,Home Decor,BOGO,2023,4,388.0,5.0,26.0
3625,Fashion,Cashback,2023,6,285.5,8.0,45.0
3382,Home Decor,Loyalty Points,2024,9,113.0,3.0,84.0
2441,Beauty,Cashback,2024,1,376.0,1.0,63.0
3979,Fashion,Loyalty Points,2023,5,309.0,3.0,67.0
2797,Beauty,Loyalty Points,2024,11,242.0,3.0,52.0
1294,Fashion,Cashback,2024,7,192.0,5.0,68.0
1754,Grocery,Cashback,2022,1,153.0,4.0,26.0
2394,Electronics,Loyalty Points,2024,4,455.0,4.0,75.0
1185,Electronics,BOGO,2021,6,263.0,9.0,2.0
2269,Beauty,Loyalty Points,2024,2,291.0,7.0,14.0
1636,Electronics,Free Shipping,2024,10,480.0,4.0,30.0
2291,Beauty,Loyalty Points,2023,5,258.0,3.0,49.0
4714,Beauty,BOGO,2021,11,142.0,6.0,12.0
4308,Beauty,Free Shipping,2024,10,479.0,3.0,90.0
1529,Electronics,Discount,2024,1,191.0,6.0,44.0
4623,Beauty,Discount,2022,6,483.0,9.0,33.0
3068,Electronics,BOGO,2024,6,453.0,6.0,13.0
3958,Beauty,Loyalty Points,2024,4,483.0,4.0,78.0
4808,Home Decor,Cashback,2022,8,161.0,5.0,88.0
3914,Beauty,BOGO,2023,4,466.0,6.0,98.0
1793,Fashion,Free Shipping,2024,8,424.0,3.0,26.0
4591,Beauty,Free Shipping,2022,8,108.0,8.0,21.0
3147,Grocery,Discount,2021,5,92.0,4.0,28.0
3799,Beauty,Free Shipping,2023,4,256.0,8.0,48.0
1477,Fashion,BOGO,2021,12,317.0,3.0,40.0
2622,Fashion,Free Shipping,2021,2,345.0,7.0,66.0
4369,Electronics,BOGO,2022,11,167.0,9.0,73.0
1939,Home Decor,Cashback,2024,3,69.0,4.0,87.0
1525,Beauty,Discount,2022,3,271.0,8.0,79.0
3381,Electronics,Free Shipping,2022,4,215.0,3.0,77.0
1001,Home Decor,BOGO,2022,4,180.0,7.0,23.0
1374,Beauty,Loyalty Points,2022,10,205.0,3.0,81.0
3340,Grocery,Discount,2023,11,233.0,7.0,48.0
3884,Beauty,Cashback,2024,11,139.0,6.0,2.0
4052,Fashion,BOGO,2021,5,143.0,2.0,84.0
1552,Fashion,Cashback,2021,4,285.5,3.0,20.0
3365,Grocery,Cashback,2024,11,371.0,6.0,59.0
2525,Electronics,Free Shipping,2021,10,342.0,4.0,46.0
2851,Home Decor,Free Shipping,2024,8,285.5,6.0,3.0
1380,Beauty,BOGO,2021,6,279.0,1.0,55.0
2646,Fashion,Loyalty Points,2022,6,371.0,1.0,12.0
1013,Electronics,BOGO,2021,8,341.0,3.0,40.0
1503,Grocery,Loyalty Points,2024,7,487.0,5.0,66.0
3278,Fashion,Cashback,2024,10,75.0,8.0,52.0
3008,Grocery,Discount,2024,11,124.0,4.0,16.0
4155,Beauty,BOGO,2024,12,285.5,6.0,83.0
1129,Home Decor,BOGO,2024,10,473.0,5.0,34.0
4814,Fashion,Loyalty Points,2023,8,348.0,7.0,44.0
1837,Fashion,Cashback,2023,2,199.0,7.0,6.0
4216,Beauty,Cashback,2021,9,197.0,4.0,77.0
3938,Electronics,Loyalty Points,2024,1,57.0,9.0,64.0
4928,Home Decor,Cashback,2021,8,78.0,6.0,22.0
3040,Fashion,Free Shipping,2024,12,345.0,3.0,18.0
1027,Home Decor,Discount,2024,11,463.0,5.0,12.0
3113,Fashion,BOGO,2023,12,258.0,5.0,52.0
4234,Home Decor,Discount,2023,12,177.0,5.0,94.0
2252,Grocery,BOGO,2022,4,389.0,8.0,52.0
1260,Fashion,Free Shipping,2023,4,165.0,9.0,71.0
3046,Home Decor,Cashback,2022,5,488.0,9.0,96.0
2472,Electronics,Loyalty Points,2022,8,193.0,6.0,52.0
2447,Grocery,Free Shipping,2022,5,479.0,5.0,19.0
1459,Grocery,Discount,2022,8,367.0,9.0,6.0
4747,Electronics,Loyalty Points,2022,10,284.0,4.0,84.0
1300,Home Decor,Cashback,2021,1,56.0,6.0,27.0
3966,Beauty,Free Shipping,2023,12,94.0,4.0,53.0
4374,Electronics,Loyalty Points,2022,10,492.0,1.0,48.0
3334,Home Decor,Free Shipping,2024,9,288.0,7.0,7.0
4466,Electronics,Free Shipping,2023,6,489.0,6.0,59.0
4081,Electronics,Cashback,2023,3,481.0,9.0,69.0
4778,Fashion,BOGO,2022,8,204.0,5.0,11.0
1629,Home Decor,Loyalty Points,2021,9,230.0,7.0,15.0
1269,Beauty,Cashback,2022,6,264.0,2.0,64.0
3639,Fashion,Free Shipping,2021,11,137.0,9.0,3.0
2993,Electronics,Cashback,2024,7,305.0,5.0,69.0
2628,Electronics,BOGO,2023,1,122.0,6.0,23.0
2801,Electronics,Loyalty Points,2024,5,468.0,3.0,53.0
3891,Home Decor,BOGO,2021,5,228.0,1.0,37.0
1861,Home Decor,Discount,2021,10,285.5,4.0,9.0
4432,Fashion,Loyalty Points,2024,4,342.0,3.0,15.0
2280,Beauty,BOGO,2021,6,283.0,1.0,3.0
3180,Fashion,Free Shipping,2024,7,285.5,3.0,93.0
4347,Grocery,Loyalty Points,2023,9,272.0,4.0,70.0
2799,Electronics,Loyalty Points,2024,1,168.0,8.0,17.0
2706,Electronics,Cashback,2023,6,362.0,9.0,26.0
4019,Electronics,Free Shipping,2024,7,313.0,3.0,21.0
3560,Fashion,Discount,2021,3,285.5,6.0,72.0
3360,Fashion,BOGO,2024,8,144.0,5.0,21.0
1575,Electronics,Cashback,2021,5,422.0,5.0,11.0
3933,Fashion,BOGO,2024,9,271.0,4.0,38.0
3003,Home Decor,Discount,2024,5,415.0,6.0,72.0
2307,Home Decor,Discount,2022,9,325.0,7.0,88.0
4192,Fashion,Loyalty Points,2021,10,429.0,9.0,35.0
4178,Electronics,Discount,2022,4,280.0,7.0,14.0
2956,Fashion,BOGO,2021,9,358.0,6.0,14.0
3734,Fashion,Free Shipping,2022,5,168.0,1.0,10.0
3020,Fashion,Free Shipping,2023,10,317.0,2.0,12.0
4275,Grocery,Loyalty Points,2024,9,482.0,1.0,38.0
3212,Home Decor,BOGO,2021,3,322.0,5.0,34.0
3352,Beauty,BOGO,2021,4,113.0,9.0,41.0
4568,Beauty,Discount,2024,9,347.0,7.0,52.0
2655,Grocery,BOGO,2021,10,399.0,2.0,17.0
2579,Fashion,Cashback,2021,11,462.0,6.0,17.0
2847,Grocery,Discount,2022,6,452.0,4.0,67.0
3203,Grocery,Cashback,2021,2,60.0,1.0,62.0
2390,Electronics,Loyalty Points,2023,7,147.0,1.0,95.0
2742,Home Decor,Free Shipping,2023,2,483.0,5.0,1.0
2925,Beauty,Loyalty Points,2024,11,120.0,2.0,12.0
1619,Fashion,Free Shipping,2021,2,413.0,4.0,4.0
2274,Beauty,Loyalty Points,2024,11,285.5,1.0,42.0
1956,Beauty,BOGO,2023,1,339.0,4.0,13.0
2939,Home Decor,Cashback,2021,11,300.0,6.0,98.0
4953,Beauty,Free Shipping,2021,11,325.0,4.0,85.0
3381,Beauty,Discount,2024,12,99.0,1.0,86.0
4713,Grocery,Cashback,2023,11,407.0,7.0,4.0
1968,Home Decor,Discount,2021,3,265.0,2.0,82.0
3558,Electronics,Cashback,2024,6,443.0,9.0,69.0
2316,Fashion,Cashback,2023,8,465.0,3.0,19.0
2043,Beauty,Loyalty Points,2024,9,101.0,8.0,2.0
1281,Fashion,Free Shipping,2022,7,320.0,8.0,12.0
3844,Electronics,Free Shipping,2021,4,133.0,3.0,81.0
4072,Fashion,Cashback,2022,6,436.0,4.0,74.0
3166,Electronics,BOGO,2023,5,342.0,2.0,98.0
2058,Grocery,BOGO,2022,8,175.0,4.0,6.0
1197,Beauty,Discount,2022,1,345.0,9.0,8.0
3532,Electronics,Discount,2023,1,121.0,2.0,51.0
4828,Fashion,Loyalty Points,2024,11,345.0,3.0,11.0
2082,Beauty,Cashback,2022,6,285.0,4.0,63.0
3884,Grocery,Discount,2024,10,105.0,5.0,57.0
2184,Beauty,Discount,2022,12,456.0,1.0,12.0
2008,Electronics,Cashback,2024,2,409.0,7.0,73.0
3738,Grocery,Loyalty Points,2023,5,444.0,7.0,2.0
2229,Fashion,Discount,2022,1,159.0,9.0,8.0
2035,Grocery,Loyalty Points,2023,7,241.0,4.0,52.0
1489,Grocery,Free Shipping,2022,1,441.0,6.0,53.0
1275,Home Decor,Loyalty Points,2023,4,142.0,2.0,10.0
3740,Grocery,BOGO,2023,9,399.0,4.0,85.0
3289,Grocery,BOGO,2022,1,105.0,2.0,84.0
2239,Beauty,Loyalty Points,2022,4,109.0,5.0,52.0
2274,Fashion,BOGO,2022,6,187.0,7.0,36.0
4882,Beauty,Free Shipping,2021,6,88.0,1.0,93.0
1125,Beauty,Cashback,2024,12,77.0,7.0,76.0
1216,Electronics,BOGO,2021,8,98.0,6.0,14.0
4377,Beauty,BOGO,2021,1,469.0,6.0,54.0
4868,Home Decor,Loyalty Points,2023,7,174.0,8.0,85.0
2208,Home Decor,Free Shipping,2022,1,62.0,8.0,86.0
4110,Electronics,Cashback,2024,7,85.0,6.0,21.0
2246,Fashion,Loyalty Points,2023,3,150.0,5.0,50.0
4255,Fashion,Loyalty Points,2021,11,331.0,5.0,94.0
3542,Beauty,Free Shipping,2022,8,135.0,2.0,39.0
3474,Beauty,Cashback,2023,3,53.0,5.0,20.0
4249,Beauty,Free Shipping,2022,1,272.0,9.0,88.0
1918,Fashion,Cashback,2023,8,387.0,1.0,87.0
4499,Grocery,Free Shipping,2022,3,497.0,5.0,7.0
2317,Home Decor,Loyalty Points,2021,2,215.0,6.0,9.0
4923,Grocery,Loyalty Points,2024,1,432.0,7.0,1.0
3198,Grocery,Discount,2021,3,393.0,9.0,26.0
3431,Fashion,BOGO,2024,2,432.0,6.0,38.0
2661,Grocery,Free Shipping,2022,2,425.0,5.0,38.0
4884,Electronics,Discount,2023,6,327.0,7.0,61.0
1307,Beauty,BOGO,2021,12,179.0,1.0,44.0
2359,Electronics,Free Shipping,2024,1,285.5,5.0,86.0
2969,Home Decor,Cashback,2021,2,424.0,2.0,44.0
3793,Beauty,BOGO,2024,6,60.0,4.0,74.0
1891,Grocery,Loyalty Points,2021,3,351.0,7.0,62.0
1374,Home Decor,Discount,2024,4,145.0,5.0,6.0
4079,Beauty,BOGO,2024,1,239.0,6.0,17.0
3033,Grocery,BOGO,2022,8,241.0,2.0,51.0
2364,Electronics,Loyalty Points,2024,7,315.0,3.0,38.0
1128,Beauty,Free Shipping,2022,7,473.0,7.0,24.0
2014,Grocery,Cashback,2024,3,177.0,2.0,51.0
2799,Electronics,Loyalty Points,2023,10,287.0,6.0,10.0
3716,Home Decor,Cashback,2023,10,457.0,5.0,72.0
4423,Home Decor,Free Shipping,2023,3,404.0,1.0,21.0
2381,Home Decor,BOGO,2024,2,477.0,4.0,70.0
1516,Home Decor,Cashback,2022,12,285.5,2.0,52.0
2518,Fashion,Discount,2022,1,365.0,4.0,57.0
1085,Beauty,Discount,2024,7,495.0,1.0,39.0
2198,Beauty,Loyalty Points,2023,7,392.0,2.0,88.0
4873,Fashion,Free Shipping,2023,12,194.0,8.0,33.0
4264,Grocery,Loyalty Points,2022,2,114.0,6.0,59.0
3358,Grocery,Loyalty Points,2023,7,296.0,2.0,18.0
2142,Home Decor,Loyalty Points,2021,8,272.0,6.0,56.0
4289,Electronics,Discount,2022,1,362.0,9.0,92.0
3474,Grocery,Discount,2023,9,488.0,7.0,57.0
2993,Electronics,Loyalty Points,2022,7,155.0,9.0,96.0
4485,Beauty,Discount,2021,3,230.0,5.0,76.0
3161,Electronics,Free Shipping,2022,8,233.0,5.0,48.0
4216,Beauty,Loyalty Points,2022,7,275.0,7.0,42.0
4609,Fashion,Discount,2022,11,314.0,3.0,27.0
4719,Fashion,Cashback,2022,8,327.0,7.0,74.0
1302,Home Decor,Loyalty Points,2021,6,446.0,1.0,52.0
3791,Grocery,Loyalty Points,2024,9,138.0,9.0,42.0
4952,Home Decor,Free Shipping,2022,5,225.0,6.0,32.0
1587,Beauty,BOGO,2022,3,67.0,5.0,26.0
1986,Home Decor,BOGO,2023,3,420.0,7.0,25.0
2863,Electronics,Free Shipping,2022,1,473.0,5.0,75.0
1344,Beauty,Free Shipping,2023,12,450.0,5.0,23.0
1813,Fashion,Free Shipping,2024,8,448.0,7.0,98.0
2987,Grocery,BOGO,2021,2,285.5,7.0,57.0
3848,Beauty,Free Shipping,2021,3,320.0,3.0,52.0
4072,Beauty,Discount,2024,8,285.5,3.0,87.0
4218,Electronics,Loyalty Points,2021,8,216.0,3.0,93.0
2310,Grocery,Loyalty Points,2024,11,62.0,6.0,31.0
2999,Fashion,Cashback,2024,4,386.0,6.0,64.0
2677,Beauty,Cashback,2024,4,81.0,3.0,71.0
4124,Beauty,Loyalty Points,2021,5,442.0,3.0,33.0
2327,Electronics,Discount,2023,6,89.0,8.0,85.0
2092,Home Decor,BOGO,2024,5,197.0,8.0,2.0
3408,Fashion,BOGO,2022,7,267.0,7.0,18.0
4673,Grocery,Discount,2021,2,268.0,4.0,52.0
4291,Beauty,BOGO,2024,7,131.0,4.0,33.0
2009,Beauty,Free Shipping,2024,10,382.0,3.0,98.0
1703,Fashion,Loyalty Points,2022,7,257.0,5.0,84.0
1574,Home Decor,Loyalty Points,2023,1,250.0,3.0,35.0
2608,Beauty,Discount,2023,7,496.0,8.0,51.0
4232,Fashion,BOGO,2023,5,381.0,7.0,18.0
4752,Electronics,Cashback,2024,3,477.0,3.0,88.0
2112,Home Decor,Cashback,2024,3,87.0,5.0,72.0
1687,Grocery,BOGO,2024,4,260.0,5.0,30.0
3828,Beauty,Cashback,2021,12,493.0,9.0,44.0
3632,Fashion,Discount,2022,2,376.0,7.0,53.0
4828,Electronics,Discount,2024,2,298.0,7.0,10.0
3636,Grocery,BOGO,2022,1,276.0,6.0,87.0
4230,Fashion,Cashback,2022,5,97.0,2.0,52.0
1488,Fashion,Discount,2023,4,67.0,9.0,49.0
4018,Grocery,Discount,2021,11,449.0,6.0,11.0
2347,Electronics,Free Shipping,2024,10,488.0,8.0,66.0
4681,Electronics,Free Shipping,2023,2,344.0,1.0,58.0
4452,Home Decor,Discount,2023,3,245.0,5.0,52.0
4173,Beauty,BOGO,2024,7,236.0,1.0,36.0
1493,Grocery,Loyalty Points,2022,7,394.0,8.0,33.0
2667,Grocery,Loyalty Points,2023,12,273.0,8.0,47.0
2637,Grocery,Discount,2022,4,367.0,1.0,13.0
1018,Electronics,Discount,2021,5,446.0,9.0,40.0
4525,Beauty,Discount,2022,5,414.0,2.0,89.0
4553,Home Decor,BOGO,2021,6,386.0,9.0,68.0
4665,Fashion,Free Shipping,2022,9,278.0,1.0,42.0
3444,Fashion,Discount,2023,2,439.0,9.0,19.0
2000,Grocery,Discount,2023,5,126.0,4.0,82.0
4350,Beauty,Cashback,2021,12,237.0,9.0,94.0
1850,Electronics,BOGO,2024,3,285.5,7.0,19.0
2388,Beauty,Discount,2021,4,319.0,6.0,58.0
2354,Beauty,Cashback,2021,10,144.0,5.0,23.0
4712,Electronics,Loyalty Points,2022,6,359.0,9.0,54.0
2367,Grocery,Discount,2022,12,181.0,2.0,80.0
1821,Beauty,Discount,2021,8,88.0,2.0,65.0
1454,Fashion,Cashback,2023,1,121.0,5.0,12.0
2624,Electronics,BOGO,2022,10,330.0,3.0,24.0
3772,Home Decor,Discount,2024,8,382.0,8.0,34.0
4726,Grocery,Loyalty Points,2022,11,209.0,9.0,53.0
4136,Electronics,Discount,2022,7,236.0,8.0,8.0
4147,Home Decor,Loyalty Points,2024,1,240.0,4.0,18.0
1710,Home Decor,Free Shipping,2021,2,471.0,1.0,57.0
3190,Beauty,Free Shipping,2024,3,169.0,4.0,5.0
1916,Beauty,Loyalty Points,2021,1,269.0,9.0,26.0
4986,Beauty,BOGO,2021,9,102.0,2.0,30.0
3875,Electronics,Discount,2021,8,271.0,3.0,54.0
3652,Electronics,Discount,2024,2,285.5,8.0,13.0
2496,Grocery,Free Shipping,2021,9,180.0,6.0,83.0
2440,Beauty,Loyalty Points,2023,7,286.0,8.0,29.0
1304,Home Decor,Discount,2024,9,295.0,7.0,3.0
1735,Fashion,Discount,2023,6,275.0,5.0,90.0
4568,Grocery,BOGO,2021,6,257.0,9.0,58.0
3338,Electronics,Cashback,2022,11,455.0,4.0,76.0
2963,Grocery,Free Shipping,2021,4,145.0,6.0,2.0
3149,Grocery,Free Shipping,2023,10,471.0,2.0,75.0
3009,Grocery,Cashback,2023,10,249.0,2.0,52.0
4338,Grocery,Discount,2024,2,296.0,2.0,82.0
3914,Fashion,BOGO,2022,7,121.0,7.0,77.0
4015,Beauty,BOGO,2024,5,367.0,2.0,86.0
4693,Home Decor,Free Shipping,2023,11,234.0,2.0,76.0
4021,Grocery,BOGO,2021,6,55.0,9.0,2.0
3889,Grocery,Cashback,2022,2,255.0,5.0,52.0
1961,Grocery,Discount,2021,5,81.0,3.0,26.0
3989,Beauty,Cashback,2021,10,148.0,3.0,90.0
4848,Electronics,Loyalty Points,2022,4,443.0,7.0,88.0
2026,Electronics,Free Shipping,2024,9,436.0,5.0,76.0
3132,Fashion,BOGO,2021,6,305.0,6.0,16.0
4865,Electronics,Loyalty Points,2023,2,236.0,8.0,23.0
3375,Grocery,BOGO,2021,1,125.0,9.0,40.0
3863,Grocery,Discount,2022,5,226.0,1.0,60.0
2473,Grocery,Discount,2022,9,285.5,3.0,73.0
3501,Fashion,Discount,2022,6,336.0,7.0,52.0
2947,Grocery,BOGO,2024,10,398.0,6.0,15.0
3676,Electronics,Loyalty Points,2021,12,304.0,7.0,13.0
4292,Beauty,Discount,2024,7,374.0,8.0,5.0
2177,Beauty,Loyalty Points,2024,5,239.0,6.0,75.0
1664,Home Decor,BOGO,2022,10,357.0,3.0,74.0
1011,Electronics,Loyalty Points,2022,6,394.0,2.0,52.0
2156,Grocery,BOGO,2024,5,176.0,7.0,77.0
1303,Beauty,BOGO,2021,11,474.0,1.0,41.0
4364,Electronics,Free Shipping,2023,9,336.0,3.0,53.0
4022,Beauty,BOGO,2024,6,303.0,5.0,50.0
4371,Grocery,BOGO,2021,11,262.0,1.0,15.0
2763,Beauty,Cashback,2022,8,299.0,5.0,7.0
3830,Home Decor,Discount,2022,2,133.0,3.0,40.0
1042,Home Decor,Free Shipping,2021,12,432.0,2.0,28.0
1943,Beauty,Free Shipping,2023,9,455.0,3.0,32.0
3390,Electronics,Free Shipping,2022,5,437.0,8.0,52.0
2349,Electronics,Cashback,2022,7,62.0,6.0,15.0
4885,Electronics,BOGO,2022,10,94.0,7.0,85.0
3545,Beauty,Discount,2021,1,176.0,6.0,70.0
3411,Electronics,Loyalty Points,2024,10,475.0,5.0,65.0
1890,Grocery,BOGO,2022,5,163.0,3.0,4.0
3474,Home Decor,Cashback,2024,12,482.0,8.0,11.0
2004,Grocery,BOGO,2023,10,325.0,7.0,26.0
1020,Electronics,BOGO,2022,2,254.0,5.0,61.0
1406,Grocery,Cashback,2022,12,386.0,6.0,37.0
3666,Electronics,Free Shipping,2023,6,487.0,5.0,23.0
2014,Beauty,Free Shipping,2022,11,469.0,8.0,93.0
1335,Grocery,Discount,2024,1,434.0,5.0,85.0
2838,Beauty,Discount,2021,3,448.0,9.0,91.0
4188,Beauty,Free Shipping,2024,5,322.0,9.0,40.0
2147,Fashion,Loyalty Points,2021,4,457.0,1.0,77.0
3446,Electronics,BOGO,2021,3,107.0,6.0,23.0
3840,Home Decor,Loyalty Points,2024,10,377.0,7.0,16.0
2827,Electronics,BOGO,2024,5,268.0,3.0,94.0
1714,Home Decor,Free Shipping,2024,11,158.0,7.0,61.0
1050,Electronics,Discount,2024,8,328.0,7.0,68.0
4854,Beauty,Discount,2023,11,223.0,2.0,80.0
1323,Grocery,Loyalty Points,2022,4,377.0,7.0,31.0
1788,Grocery,Discount,2021,1,313.0,1.0,53.0
1140,Fashion,Free Shipping,2024,11,364.0,5.0,25.0
1469,Home Decor,Loyalty Points,2024,7,160.0,9.0,44.0
1786,Home Decor,BOGO,2024,8,285.5,7.0,12.0
2825,Home Decor,Discount,2023,3,318.0,7.0,90.0
2357,Beauty,Cashback,2024,6,472.0,2.0,97.0
2916,Home Decor,Discount,2024,2,285.5,8.0,52.0
1963,Grocery,BOGO,2024,7,285.5,3.0,9.0
4055,Beauty,Loyalty Points,2022,8,238.0,8.0,12.0
1372,Electronics,BOGO,2023,6,321.0,3.0,69.0
4635,Home Decor,Cashback,2024,6,424.0,7.0,54.0
3541,Home Decor,Free Shipping,2021,5,51.0,2.0,54.0
4610,Electronics,Discount,2021,8,295.0,4.0,28.0
2692,Home Decor,Loyalty Points,2021,1,259.0,6.0,56.0
3798,Electronics,Free Shipping,2023,10,450.0,9.0,99.0
2179,Beauty,BOGO,2023,4,335.0,5.0,69.0
3338,Grocery,Loyalty Points,2021,4,408.0,9.0,98.0
2671,Electronics,Free Shipping,2024,3,62.0,5.0,98.0
4215,Fashion,Loyalty Points,2023,3,145.0,8.0,77.0
1105,Electronics,Cashback,2021,4,270.0,1.0,58.0
2443,Home Decor,Cashback,2021,11,287.0,7.0,52.0
3717,Beauty,Discount,2024,1,143.0,4.0,75.0
2681,Beauty,Discount,2022,11,387.0,5.0,42.0
1001,Electronics,Cashback,2023,11,318.0,6.0,38.0
3636,Grocery,Loyalty Points,2024,2,220.0,5.0,68.0
3691,Fashion,Cashback,2021,9,143.0,1.0,53.0
3137,Beauty,Discount,2021,10,198.0,9.0,33.0
4416,Home Decor,Cashback,2024,2,161.0,2.0,71.0
1349,Home Decor,Cashback,2023,5,104.0,9.0,56.0
4530,Grocery,Loyalty Points,2022,9,386.0,2.0,72.0
2286,Beauty,Free Shipping,2022,9,473.0,9.0,51.0
4422,Electronics,Discount,2021,8,165.0,6.0,74.0
4179,Home Decor,Loyalty Points,2023,1,192.0,9.0,43.0
4657,Grocery,Cashback,2022,1,250.0,6.0,15.0
2062,Beauty,Cashback,2023,9,229.0,6.0,38.0
3956,Beauty,Free Shipping,2023,11,251.0,2.0,15.0
3206,Beauty,Discount,2021,8,285.5,8.0,5.0
4654,Beauty,Discount,2022,10,102.0,3.0,93.0
4006,Beauty,BOGO,2024,9,433.0,7.0,83.0
3359,Home Decor,Discount,2021,7,229.0,5.0,54.0
4312,Grocery,Free Shipping,2022,3,463.0,3.0,51.0
1444,Beauty,BOGO,2022,3,466.0,1.0,10.0
3345,Fashion,BOGO,2022,2,362.0,5.0,12.0
1951,Fashion,Cashback,2022,5,357.0,3.0,4.0
1035,Grocery,Cashback,2022,12,186.0,2.0,95.0
2107,Electronics,Discount,2023,12,231.0,5.0,18.0
2475,Electronics,BOGO,2021,3,416.0,4.0,80.0
4957,Electronics,Cashback,2023,6,285.5,8.0,36.0
2798,Fashion,Free Shipping,2024,2,93.0,3.0,25.0
2845,Electronics,Cashback,2022,12,276.0,1.0,52.0
2408,Home Decor,Cashback,2021,3,380.0,4.0,76.0
2195,Beauty,BOGO,2022,5,147.0,9.0,98.0
2399,Fashion,BOGO,2021,12,257.0,1.0,36.0
2708,Grocery,Loyalty Points,2023,11,314.0,2.0,52.0
2385,Grocery,Free Shipping,2021,11,337.0,9.0,9.0
3606,Beauty,BOGO,2024,1,320.0,2.0,61.0
3938,Fashion,Discount,2024,1,189.0,3.0,53.0
3188,Electronics,Free Shipping,2021,10,286.0,7.0,18.0
3934,Electronics,Free Shipping,2021,9,490.0,3.0,52.0
4989,Home Decor,BOGO,2021,7,441.0,9.0,35.0
4189,Home Decor,Free Shipping,2021,1,121.0,6.0,63.0
2300,Electronics,BOGO,2024,12,204.0,3.0,98.0
3773,Grocery,Cashback,2022,8,239.0,9.0,78.0
2243,Grocery,Loyalty Points,2021,3,317.0,1.0,4.0
4976,Home Decor,Cashback,2021,8,370.0,3.0,93.0
4097,Beauty,BOGO,2024,5,156.0,1.0,41.0
1520,Electronics,BOGO,2024,1,281.0,2.0,45.0
2806,Home Decor,Cashback,2023,7,91.0,8.0,50.0
1009,Home Decor,Discount,2021,5,239.0,7.0,79.0
1983,Electronics,Discount,2023,6,420.0,2.0,28.0
3425,Electronics,Discount,2024,6,188.0,2.0,42.0
2656,Grocery,BOGO,2024,8,152.0,9.0,80.0
2660,Beauty,Free Shipping,2022,9,220.0,6.0,76.0
3729,Beauty,BOGO,2021,2,400.0,5.0,69.0
3631,Electronics,Free Shipping,2023,9,322.0,6.0,98.0
3199,Fashion,Cashback,2024,12,465.0,9.0,1.0
1719,Home Decor,Loyalty Points,2024,11,270.0,7.0,39.0
2072,Home Decor,Free Shipping,2023,10,262.0,9.0,96.0
4225,Electronics,Discount,2022,9,390.0,4.0,90.0
1858,Fashion,BOGO,2024,10,473.0,2.0,17.0
2316,Grocery,Cashback,2021,10,456.0,8.0,91.0
2603,Electronics,Discount,2024,7,105.0,4.0,88.0
1049,Electronics,Cashback,2021,1,439.0,9.0,35.0
3711,Home Decor,Loyalty Points,2023,7,391.0,4.0,46.0
3578,Electronics,BOGO,2021,10,483.0,8.0,52.0
4683,Electronics,BOGO,2023,5,151.0,9.0,39.0
4131,Electronics,Loyalty Points,2021,6,285.5,9.0,90.0
4238,Home Decor,BOGO,2023,10,241.0,4.0,49.0
4273,Grocery,Free Shipping,2021,7,359.0,1.0,52.0
3904,Grocery,Cashback,2022,5,249.0,3.0,38.0
1145,Electronics,Discount,2021,7,282.0,9.0,23.0
1914,Home Decor,Loyalty Points,2021,9,482.0,4.0,22.0
4747,Grocery,Free Shipping,2022,3,276.0,5.0,4.0
4040,Grocery,Discount,2024,8,420.0,7.0,49.0
2462,Grocery,Discount,2024,2,188.0,5.0,59.0
3289,Home Decor,Loyalty Points,2021,11,393.0,4.0,73.0
1580,Home Decor,Free Shipping,2022,7,354.0,2.0,68.0
3734,Electronics,Discount,2021,2,198.0,2.0,71.0
2584,Beauty,Discount,2023,4,164.0,5.0,87.0
1482,Grocery,Free Shipping,2023,7,499.0,9.0,2.0
4179,Beauty,BOGO,2021,3,112.0,8.0,49.0
2249,Home Decor,Discount,2024,2,153.0,3.0,88.0
1672,Home Decor,Cashback,2024,11,388.0,9.0,95.0
1630,Home Decor,Free Shipping,2021,10,408.0,5.0,31.0
3708,Beauty,Discount,2021,7,205.0,3.0,40.0
1661,Home Decor,Loyalty Points,2023,1,322.0,5.0,48.0
4503,Electronics,Cashback,2024,8,55.0,4.0,51.0
3852,Home Decor,Discount,2021,3,196.0,8.0,52.0
4726,Fashion,Cashback,2023,12,233.0,5.0,98.0
3466,Beauty,Cashback,2024,12,77.0,8.0,55.0
1987,Fashion,BOGO,2022,2,499.0,9.0,88.0
4526,Home Decor,Cashback,2023,3,87.0,4.0,49.0
4231,Electronics,BOGO,2024,5,168.0,7.0,90.0
2546,Grocery,Free Shipping,2024,11,342.0,2.0,80.0
1649,Home Decor,BOGO,2023,8,420.0,6.0,57.0
1968,Electronics,Loyalty Points,2022,10,293.0,8.0,77.0
3637,Beauty,Discount,2023,7,117.0,7.0,15.0
2100,Fashion,Free Shipping,2024,7,263.0,7.0,27.0
3556,Fashion,Free Shipping,2021,12,267.0,8.0,68.0
1440,Fashion,Loyalty Points,2021,7,226.0,7.0,80.0
4325,Beauty,BOGO,2023,8,348.0,5.0,64.0
1920,Electronics,Discount,2024,1,213.0,7.0,94.0
1769,Beauty,BOGO,2021,4,285.5,3.0,30.0
2343,Fashion,Cashback,2024,6,318.0,5.0,36.0
2826,Home Decor,BOGO,2023,9,357.0,7.0,67.0
1262,Grocery,Free Shipping,2021,2,107.0,5.0,86.0
4668,Beauty,Discount,2024,1,337.0,2.0,86.0
4729,Beauty,BOGO,2021,10,154.0,4.0,49.0
4906,Electronics,Discount,2023,12,277.0,7.0,76.0
2577,Electronics,Discount,2024,2,296.0,1.0,55.0
4445,Beauty,Cashback,2021,7,237.0,2.0,85.0
3684,Fashion,Cashback,2023,3,132.0,9.0,56.0
4238,Grocery,Free Shipping,2021,10,235.0,7.0,68.0
4824,Electronics,Loyalty Points,2021,2,301.0,7.0,52.0
3506,Fashion,Discount,2022,11,404.0,6.0,44.0
1998,Home Decor,Loyalty Points,2022,7,287.0,3.0,31.0
4351,Electronics,Free Shipping,2023,2,409.0,3.0,58.0
1699,Fashion,Discount,2022,3,233.0,2.0,87.0
3349,Fashion,Discount,2023,11,333.0,6.0,53.0
4602,Grocery,Loyalty Points,2022,7,434.0,4.0,84.0
2603,Grocery,BOGO,2021,4,475.0,5.0,79.0
2241,Home Decor,Cashback,2023,1,259.0,3.0,23.0
2125,Fashion,BOGO,2023,5,353.0,6.0,28.0
3601,Fashion,Loyalty Points,2021,12,345.0,3.0,16.0
3335,Grocery,Cashback,2023,9,146.0,8.0,52.0
2190,Electronics,BOGO,2023,8,496.0,9.0,21.0
3668,Electronics,Cashback,2022,12,257.0,4.0,79.0
2005,Beauty,Discount,2023,9,419.0,9.0,17.0
1035,Grocery,BOGO,2024,10,437.0,7.0,37.0
1743,Beauty,Cashback,2021,9,471.0,3.0,77.0
2764,Grocery,Cashback,2022,7,460.0,7.0,19.0
1352,Home Decor,Cashback,2022,4,186.0,1.0,30.0
4747,Fashion,BOGO,2024,5,416.0,3.0,45.0
2922,Home Decor,Free Shipping,2021,1,449.0,6.0,18.0
1072,Grocery,BOGO,2021,1,233.0,4.0,78.0
3695,Fashion,Loyalty Points,2022,3,125.0,7.0,62.0
2376,Electronics,BOGO,2023,8,285.5,3.0,36.0
2914,Electronics,Cashback,2022,2,424.0,5.0,84.0
2093,Beauty,Discount,2021,4,191.0,9.0,52.0
3472,Grocery,BOGO,2024,2,286.0,6.0,19.0
4046,Grocery,BOGO,2022,5,74.0,8.0,44.0
1707,Electronics,Cashback,2021,9,339.0,3.0,7.0
2804,Home Decor,Discount,2022,1,285.5,8.0,44.0
3608,Fashion,Discount,2023,5,299.0,2.0,68.0
3875,Home Decor,Loyalty Points,2022,9,457.0,4.0,34.0
4713,Home Decor,BOGO,2022,1,167.0,3.0,66.0
1955,Electronics,Discount,2021,9,122.0,1.0,69.0
3564,Electronics,Discount,2021,8,331.0,7.0,55.0
3475,Electronics,Free Shipping,2021,4,453.0,2.0,10.0
4610,Beauty,Free Shipping,2022,12,497.0,4.0,96.0
1159,Home Decor,Discount,2023,11,409.0,9.0,42.0
3196,Grocery,Loyalty Points,2024,10,59.0,6.0,41.0
3823,Fashion,Discount,2024,5,260.0,8.0,77.0
4301,Beauty,Cashback,2021,5,372.0,2.0,69.0
2735,Grocery,BOGO,2021,11,201.0,5.0,10.0
2585,Home Decor,Loyalty Points,2022,12,54.0,6.0,10.0
1066,Electronics,Cashback,2024,6,285.5,9.0,91.0
4061,Home Decor,Loyalty Points,2021,7,491.0,7.0,60.0
4883,Fashion,Cashback,2023,8,332.0,1.0,52.0
3428,Beauty,BOGO,2023,8,162.0,8.0,21.0
1057,Beauty,BOGO,2021,11,320.0,3.0,8.0
4330,Fashion,Free Shipping,2021,2,212.0,2.0,65.0
1341,Grocery,Cashback,2024,9,154.0,3.0,92.0
4909,Grocery,Free Shipping,2024,7,230.0,6.0,78.0
2153,Beauty,Cashback,2022,4,93.0,3.0,85.0
3774,Beauty,Free Shipping,2024,4,331.0,5.0,52.0
2195,Electronics,BOGO,2023,11,224.0,5.0,85.0
3817,Grocery,Loyalty Points,2023,8,211.0,8.0,49.0
3661,Fashion,Free Shipping,2021,4,400.0,7.0,9.0
2232,Grocery,Cashback,2024,6,483.0,8.0,17.0
4874,Electronics,Cashback,2022,5,389.0,3.0,69.0
3401,Beauty,BOGO,2023,3,189.0,4.0,58.0
2494,Beauty,Cashback,2023,10,181.0,6.0,57.0
2821,Electronics,Discount,2022,11,136.0,7.0,62.0
1115,Fashion,Loyalty Points,2022,2,225.0,9.0,95.0
4335,Beauty,Free Shipping,2023,9,232.0,1.0,52.0
1661,Home Decor,Loyalty Points,2023,10,417.0,8.0,61.0
4883,Beauty,BOGO,2022,9,285.5,8.0,40.0
2465,Home Decor,Free Shipping,2023,1,295.0,6.0,38.0
4619,Electronics,Free Shipping,2021,10,138.0,4.0,43.0
3500,Electronics,Discount,2021,3,115.0,3.0,63.0
2868,Beauty,BOGO,2022,8,207.0,3.0,19.0
4548,Grocery,Cashback,2024,6,436.0,6.0,50.0
3334,Home Decor,Discount,2022,5,427.0,8.0,33.0
4374,Fashion,Discount,2022,5,198.0,7.0,13.0
2016,Beauty,Loyalty Points,2024,6,389.0,1.0,78.0
1310,Fashion,Loyalty Points,2024,7,482.0,6.0,97.0
1207,Beauty,Loyalty Points,2024,1,165.0,7.0,62.0
3665,Grocery,Discount,2021,9,263.0,7.0,93.0
3493,Grocery,Cashback,2023,3,495.0,9.0,52.0
3717,Grocery,Free Shipping,2021,4,421.0,5.0,49.0
1632,Grocery,Loyalty Points,2023,10,343.0,1.0,36.0
3102,Electronics,Cashback,2021,1,302.0,2.0,10.0
3959,Electronics,BOGO,2023,11,192.0,4.0,95.0
4083,Home Decor,Loyalty Points,2021,10,299.0,5.0,6.0
1656,Fashion,Free Shipping,2024,3,415.0,9.0,57.0
2423,Beauty,BOGO,2022,2,485.0,1.0,1.0
2931,Beauty,BOGO,2021,2,351.0,3.0,71.0
4719,Electronics,Free Shipping,2023,1,74.0,5.0,58.0
4027,Beauty,Loyalty Points,2024,8,326.0,3.0,91.0
3562,Electronics,Discount,2021,3,426.0,4.0,21.0
2679,Home Decor,Free Shipping,2021,3,427.0,3.0,92.0
4613,Fashion,Free Shipping,2024,6,438.0,4.0,80.0
1236,Home Decor,Free Shipping,2021,8,119.0,1.0,56.0
4350,Grocery,BOGO,2022,9,162.0,5.0,87.0
1347,Grocery,Cashback,2021,9,412.0,4.0,20.0
3674,Grocery,Discount,2022,4,161.0,7.0,54.0
4175,Home Decor,Loyalty Points,2022,5,413.0,2.0,25.0
1629,Beauty,Loyalty Points,2024,2,352.0,2.0,28.0
2540,Fashion,Cashback,2021,11,140.0,6.0,5.0
3003,Grocery,Free Shipping,2024,9,67.0,2.0,21.0
4943,Grocery,Discount,2021,8,198.0,5.0,18.0
2271,Grocery,Loyalty Points,2021,3,276.0,5.0,47.0
1363,Fashion,Loyalty Points,2023,11,263.0,4.0,70.0
3368,Grocery,Free Shipping,2021,12,409.0,7.0,57.0
4704,Fashion,Cashback,2024,9,200.0,8.0,93.0
1285,Grocery,Discount,2022,3,241.0,3.0,19.0
1148,Home Decor,Cashback,2021,9,89.0,9.0,97.0
2107,Home Decor,Cashback,2023,2,291.0,2.0,65.0
3453,Fashion,Discount,2024,12,187.0,8.0,3.0
4025,Home Decor,Discount,2021,10,394.0,8.0,42.0
1455,Fashion,Loyalty Points,2024,9,229.0,4.0,21.0
2766,Home Decor,Loyalty Points,2023,8,249.0,1.0,99.0
1799,Home Decor,Discount,2023,9,252.0,1.0,40.0
2184,Fashion,BOGO,2024,5,110.0,2.0,67.0
2012,Beauty,Loyalty Points,2021,11,241.0,9.0,25.0
3831,Home Decor,BOGO,2022,11,54.0,2.0,55.0
3507,Grocery,Discount,2023,2,427.0,2.0,84.0
4621,Beauty,Loyalty Points,2021,8,286.0,6.0,52.0
2523,Fashion,Cashback,2021,12,230.0,7.0,44.0
3785,Beauty,Discount,2022,6,285.5,7.0,98.0
3556,Electronics,Free Shipping,2023,8,86.0,9.0,52.0
4725,Electronics,BOGO,2023,11,105.0,6.0,56.0
4875,Home Decor,Discount,2021,5,492.0,8.0,55.0
1480,Home Decor,Discount,2021,10,286.0,5.0,87.0
2686,Grocery,Loyalty Points,2022,2,407.0,2.0,70.0
3161,Beauty,Loyalty Points,2022,6,398.0,1.0,77.0
3796,Electronics,Loyalty Points,2023,5,246.0,5.0,87.0
2601,Home Decor,Free Shipping,2024,12,122.0,9.0,73.0
3408,Beauty,Loyalty Points,2023,12,108.0,8.0,52.0
1340,Home Decor,Discount,2021,5,289.0,4.0,66.0
3817,Home Decor,Loyalty Points,2023,1,51.0,5.0,19.0
3010,Electronics,Cashback,2024,2,498.0,5.0,83.0
3808,Electronics,Loyalty Points,2022,8,409.0,6.0,7.0
4016,Home Decor,Free Shipping,2024,3,237.0,3.0,63.0
3496,Fashion,Cashback,2024,10,356.0,5.0,42.0
2866,Home Decor,Discount,2024,3,79.0,2.0,42.0
1834,Home Decor,Discount,2022,8,316.0,1.0,59.0
2203,Grocery,BOGO,2024,8,157.0,1.0,20.0
2725,Grocery,Cashback,2024,2,381.0,7.0,73.0
4478,Grocery,BOGO,2024,8,472.0,2.0,17.0
2689,Fashion,Cashback,2021,11,139.0,4.0,27.0
4267,Fashion,Cashback,2024,1,254.0,5.0,47.0
4537,Home Decor,Free Shipping,2022,6,428.0,7.0,2.0
1310,Grocery,BOGO,2024,8,496.0,2.0,63.0
1261,Fashion,Free Shipping,2024,3,497.0,6.0,62.0
2442,Electronics,Cashback,2022,8,494.0,1.0,19.0
1405,Home Decor,Discount,2024,12,430.0,7.0,17.0
3190,Beauty,Cashback,2022,1,487.0,9.0,69.0
1341,Home Decor,Free Shipping,2024,11,269.0,5.0,39.0
2339,Beauty,BOGO,2022,11,427.0,5.0,82.0
4172,Grocery,BOGO,2024,9,143.0,4.0,71.0
1243,Beauty,Free Shipping,2024,11,152.0,3.0,81.0
1489,Grocery,BOGO,2021,9,272.0,9.0,39.0
1011,Electronics,Loyalty Points,2021,5,235.0,5.0,36.0
4310,Beauty,Discount,2024,10,233.0,8.0,40.0
1560,Home Decor,Discount,2024,4,211.0,9.0,45.0
1041,Grocery,Discount,2023,11,296.0,5.0,4.0
